{"total": 6,"rows":[{"name":"111232 测试项目11","desc": "计划时间","values":[{"from": "1526918400000","to": "1528128000000","label":"商务","desc":"商务计划","customClass": "ganttGreen"},{"from": "1516723200000","to": "1542729600000","label":"技术","desc":"技术方案计划","customClass": "ganttGreen"},{"from": "1527436800000","to": "1527436800000","label":"设计","desc":"设计计划","customClass": "ganttGreen"},{"from": "1527177600000","to": "1527436800000","label":"生产","desc":"生产计划","customClass": "ganttGreen"},{"from": "1527436800000","to": "1526832000000","label":"施工","desc":"施工计划","customClass": "ganttGreen"}]},{"name":" ","desc": "实际时间","values":[{"from": "1527436800000","to": "1527609600000","label":"商务","desc":"商务实际","customClass": "ganttRed"},{"from": "1521820800000","to": "1524499200000","label":"技术","desc":"技术方案实际","customClass": "ganttRed"},{"from": "1527436800000","to": "1527436800000","label":"设计","desc":"设计实际","customClass": "ganttRed"},{"from": "1527177600000","to": "1527436800000","label":"生产","desc":"生产实际","customClass": "ganttRed"},{"from": "1527091200000","to": "1526918400000","label":"施工","desc":"施工实际","customClass": "ganttRed"}]},{"name":"pm-002 年度计划项目","desc": "计划时间","values":[{"from": "1525622400000","to": "1526918400000","label":"商务","desc":"商务计划","customClass": "ganttGreen"},{"from": "1527177600000","to": "1527177600000","label":"技术","desc":"技术方案计划","customClass": "ganttGreen"},{"from": "1525104000000","to": "1527350400000","label":"设计","desc":"设计计划","customClass": "ganttGreen"},{"from": "1527436800000","to": "1527436800000","label":"生产","desc":"生产计划","customClass": "ganttGreen"},{"from": "1527177600000","to": "1525622400000","label":"施工","desc":"施工计划","customClass": "ganttGreen"}]},{"name":" ","desc": "实际时间","values":[{"from": "1526313600000","to": "1526486400000","label":"商务","desc":"商务实际","customClass": "ganttRed"},{"from": "1527177600000","to": "1527177600000","label":"技术","desc":"技术方案实际","customClass": "ganttRed"},{"from": "1525276800000","to": "1527523200000","label":"设计","desc":"设计实际","customClass": "ganttRed"},{"from": "1527436800000","to": "1527436800000","label":"生产","desc":"生产实际","customClass": "ganttRed"},{"from": "1526313600000","to": "1525276800000","label":"施工","desc":"施工实际","customClass": "ganttRed"}]},{"name":"pm-003 年度计划项目","desc": "计划时间","values":[{"from": "1525104000000","to": "1525276800000","label":"商务","desc":"商务计划","customClass": "ganttGreen"},{"from": "1525104000000","to": "1525881600000","label":"技术","desc":"技术方案计划","customClass": "ganttGreen"},{"from": "1518624000000","to": "1526313600000","label":"设计","desc":"设计计划","customClass": "ganttGreen"},{"from": "1525536000000","to": "1525795200000","label":"生产","desc":"生产计划","customClass": "ganttGreen"},{"from": "1522771200000","to": "1525795200000","label":"施工","desc":"施工计划","customClass": "ganttGreen"}]},{"name":" ","desc": "实际时间","values":[{"from": "1525104000000","to": "1525363200000","label":"商务","desc":"商务实际","customClass": "ganttRed"},{"from": "1526313600000","to": "1527091200000","label":"技术","desc":"技术方案实际","customClass": "ganttRed"},{"from": "1525881600000","to": "1525708800000","label":"设计","desc":"设计实际","customClass": "ganttRed"},{"from": "1526918400000","to": "1526227200000","label":"生产","desc":"生产实际","customClass": "ganttRed"},{"from": "1525104000000","to": "1525622400000","label":"施工","desc":"施工实际","customClass": "ganttRed"}]},{"name":"test-101 测试项目10","desc": "计划时间","values":[{"from": "1525795200000","to": "1525104000000","label":"商务","desc":"商务计划","customClass": "ganttGreen"},{"from": "1527177600000","to": "1527177600000","label":"技术","desc":"技术方案计划","customClass": "ganttGreen"},{"from": "1527177600000","to": "1527177600000","label":"设计","desc":"设计计划","customClass": "ganttGreen"},{"from": "1527177600000","to": "1527177600000","label":"生产","desc":"生产计划","customClass": "ganttGreen"},{"from": "1527177600000","to": "1527177600000","label":"施工","desc":"施工计划","customClass": "ganttGreen"}]},{"name":" ","desc": "实际时间","values":[{"from": "1525622400000","to": "1526918400000","label":"商务","desc":"商务实际","customClass": "ganttRed"},{"from": "1527177600000","to": "1527177600000","label":"技术","desc":"技术方案实际","customClass": "ganttRed"},{"from": "1527177600000","to": "1527177600000","label":"设计","desc":"设计实际","customClass": "ganttRed"},{"from": "1527177600000","to": "1527177600000","label":"生产","desc":"生产实际","customClass": "ganttRed"},{"from": "1527177600000","to": "1527177600000","label":"施工","desc":"施工实际","customClass": "ganttRed"}]},{"name":"TEST-pm-0012 内测项目","desc": "计划时间","values":[{"from": "1526486400000","to": "1526486400000","label":"商务","desc":"商务计划","customClass": "ganttGreen"},{"from": "1527487245872","to": "1527487245872","label":"技术","desc":"技术方案计划","customClass": "ganttGreen"},{"from": "1526400000000","to": "1525881600000","label":"设计","desc":"设计计划","customClass": "ganttGreen"},{"from": "1527487245872","to": "1527487245872","label":"生产","desc":"生产计划","customClass": "ganttGreen"},{"from": "1525276800000","to": "1525795200000","label":"施工","desc":"施工计划","customClass": "ganttGreen"}]},{"name":" ","desc": "实际时间","values":[{"from": "1526918400000","to": "1525622400000","label":"商务","desc":"商务实际","customClass": "ganttRed"},{"from": "1527487245872","to": "1527487245872","label":"技术","desc":"技术方案实际","customClass": "ganttRed"},{"from": "1527350400000","to": "1527177600000","label":"设计","desc":"设计实际","customClass": "ganttRed"},{"from": "1527487245872","to": "1527487245872","label":"生产","desc":"生产实际","customClass": "ganttRed"},{"from": "1527487245872","to": "1527487245872","label":"施工","desc":"施工实际","customClass": "ganttRed"}]},{"name":"Test-27-1 测试27-1","desc": "计划时间","values":[{"from": "1526486400000","to": "1527004800000","label":"商务","desc":"商务计划","customClass": "ganttGreen"},{"from": "1527091200000","to": "1526486400000","label":"技术","desc":"技术方案计划","customClass": "ganttGreen"},{"from": "1525190400000","to": "1525795200000","label":"设计","desc":"设计计划","customClass": "ganttGreen"},{"from": "1527487245898","to": "1527487245898","label":"生产","desc":"生产计划","customClass": "ganttGreen"},{"from": "1525104000000","to": "1526400000000","label":"施工","desc":"施工计划","customClass": "ganttGreen"}]},{"name":" ","desc": "实际时间","values":[{"from": "1525881600000","to": "1527523200000","label":"商务","desc":"商务实际","customClass": "ganttRed"},{"from": "1527004800000","to": "1525190400000","label":"技术","desc":"技术方案实际","customClass": "ganttRed"},{"from": "1525708800000","to": "1525104000000","label":"设计","desc":"设计实际","customClass": "ganttRed"},{"from": "1527487245898","to": "1527487245898","label":"生产","desc":"生产实际","customClass": "ganttRed"},{"from": "1525104000000","to": "1526227200000","label":"施工","desc":"施工实际","customClass": "ganttRed"}]}]}